,open,high,low,close,volume,ticker
2021-06-23 13:30:00,132.80999755859375,132.92999267578125,132.6199951171875,132.72999572753906,241889.0,NKE
2021-06-23 13:31:00,132.72500610351562,132.85000610351562,132.70680236816406,132.7899932861328,13232.0,NKE
2021-06-23 13:32:00,132.7899932861328,132.88999938964844,132.5500030517578,132.71499633789062,17841.0,NKE
2021-06-23 13:33:00,132.7100067138672,132.99000549316406,132.7100067138672,132.99000549316406,16655.0,NKE
2021-06-23 13:34:00,132.9499969482422,133.07000732421875,132.92999267578125,132.99989318847656,21436.0,NKE
2021-06-23 13:35:00,133.0,133.16000366210938,132.94000244140625,133.14999389648438,23593.0,NKE
2021-06-23 13:36:00,133.10000610351562,133.13999938964844,132.9550018310547,132.97000122070312,14282.0,NKE
2021-06-23 13:37:00,132.97000122070312,132.99000549316406,132.86000061035156,132.96499633789062,22802.0,NKE
2021-06-23 13:38:00,132.99000549316406,132.99000549316406,132.77999877929688,132.80999755859375,12776.0,NKE
2021-06-23 13:39:00,132.77999877929688,132.83999633789062,132.72000122070312,132.77389526367188,14870.0,NKE
2021-06-23 13:40:00,132.7899932861328,132.85000610351562,132.75,132.77999877929688,7864.0,NKE
2021-06-23 13:41:00,132.75999450683594,132.77000427246094,132.66000366210938,132.6699981689453,8435.0,NKE
2021-06-23 13:42:00,132.67999267578125,132.69000244140625,132.6199951171875,132.63999938964844,9777.0,NKE
2021-06-23 13:43:00,132.63519287109375,132.69000244140625,132.52999877929688,132.69000244140625,12518.0,NKE
2021-06-23 13:44:00,132.72999572753906,132.82000732421875,132.6699981689453,132.77999877929688,8862.0,NKE
2021-06-23 13:45:00,132.80999755859375,132.85000610351562,132.71180725097656,132.75,13453.0,NKE
2021-06-23 13:46:00,132.72999572753906,132.72999572753906,132.61000061035156,132.72000122070312,14020.0,NKE
2021-06-23 13:47:00,132.72999572753906,132.74000549316406,132.61709594726562,132.69000244140625,11832.0,NKE
2021-06-23 13:48:00,132.67999267578125,132.7899932861328,132.6300048828125,132.63999938964844,9605.0,NKE
2021-06-23 13:49:00,132.6300048828125,132.72999572753906,132.58999633789062,132.72999572753906,17238.0,NKE
2021-06-23 13:50:00,132.71499633789062,132.72000122070312,132.64959716796875,132.66000366210938,11226.0,NKE
2021-06-23 13:51:00,132.6300048828125,132.63999938964844,132.47000122070312,132.51499938964844,20637.0,NKE
2021-06-23 13:52:00,132.52000427246094,132.56500244140625,132.50999450683594,132.5500030517578,7706.0,NKE
2021-06-23 13:53:00,132.52000427246094,132.52000427246094,132.3699951171875,132.3800048828125,9872.0,NKE
2021-06-23 13:54:00,132.36000061035156,132.40499877929688,132.22000122070312,132.22999572753906,9952.0,NKE
2021-06-23 13:55:00,132.22000122070312,132.35000610351562,132.21400451660156,132.35000610351562,16087.0,NKE
2021-06-23 13:56:00,132.3300018310547,132.47000122070312,132.3300018310547,132.43499755859375,9205.0,NKE
2021-06-23 13:57:00,132.4199981689453,132.55999755859375,132.4199981689453,132.55999755859375,9815.0,NKE
2021-06-23 13:58:00,132.5399932861328,132.7899932861328,132.5399932861328,132.7899932861328,11443.0,NKE
2021-06-23 13:59:00,132.7899932861328,132.88999938964844,132.75999450683594,132.86000061035156,14389.0,NKE
2021-06-23 14:00:00,132.85000610351562,132.86000061035156,132.75,132.80499267578125,13526.0,NKE
2021-06-23 14:01:00,132.8300018310547,132.8699951171875,132.77000427246094,132.80999755859375,11933.0,NKE
2021-06-23 14:02:00,132.82000732421875,132.97000122070312,132.8000030517578,132.89500427246094,11036.0,NKE
2021-06-23 14:03:00,132.8699951171875,133.0500030517578,132.82000732421875,133.02999877929688,17448.0,NKE
2021-06-23 14:04:00,133.0399932861328,133.08999633789062,133.00999450683594,133.00999450683594,10155.0,NKE
2021-06-23 14:05:00,133.02999877929688,133.10000610351562,133.00999450683594,133.02999877929688,8120.0,NKE
2021-06-23 14:06:00,133.02000427246094,133.16000366210938,133.02000427246094,133.10000610351562,14693.0,NKE
2021-06-23 14:07:00,133.0800018310547,133.24000549316406,133.0800018310547,133.22999572753906,19233.0,NKE
2021-06-23 14:08:00,133.22999572753906,133.3000030517578,133.1699981689453,133.2100067138672,19140.0,NKE
2021-06-23 14:09:00,133.1999969482422,133.1999969482422,133.0500030517578,133.1699981689453,8221.0,NKE
2021-06-23 14:10:00,133.1699981689453,133.27000427246094,133.1699981689453,133.25,12288.0,NKE
2021-06-23 14:11:00,133.25999450683594,133.4199981689453,133.2310028076172,133.3699951171875,14487.0,NKE
2021-06-23 14:12:00,133.36500549316406,133.47999572753906,133.36500549316406,133.43499755859375,20067.0,NKE
2021-06-23 14:13:00,133.41000366210938,133.4499969482422,133.39999389648438,133.44000244140625,16511.0,NKE
2021-06-23 14:14:00,133.42999267578125,133.5800018310547,133.42999267578125,133.55999755859375,30023.0,NKE
2021-06-23 14:15:00,133.5800018310547,133.60000610351562,133.50999450683594,133.5850067138672,25317.0,NKE
2021-06-23 14:16:00,133.57000732421875,133.60000610351562,133.52000427246094,133.5449981689453,18710.0,NKE
2021-06-23 14:17:00,133.55999755859375,133.58999633789062,133.49000549316406,133.56500244140625,12652.0,NKE
2021-06-23 14:18:00,133.57000732421875,133.67999267578125,133.54730224609375,133.67999267578125,13924.0,NKE
2021-06-23 14:19:00,133.6699981689453,133.6999969482422,133.58999633789062,133.6649932861328,18954.0,NKE
2021-06-23 14:20:00,133.6649932861328,133.6999969482422,133.60000610351562,133.60000610351562,11556.0,NKE
2021-06-23 14:21:00,133.59500122070312,133.64999389648438,133.52000427246094,133.52000427246094,10013.0,NKE
2021-06-23 14:22:00,133.50999450683594,133.52000427246094,133.42840576171875,133.5,12721.0,NKE
2021-06-23 14:23:00,133.50999450683594,133.61000061035156,133.47999572753906,133.61000061035156,9420.0,NKE
2021-06-23 14:24:00,133.60000610351562,133.61000061035156,133.5,133.5,8679.0,NKE
2021-06-23 14:25:00,133.52000427246094,133.52000427246094,133.4199981689453,133.44000244140625,19440.0,NKE
2021-06-23 14:26:00,133.42999267578125,133.5500030517578,133.38999938964844,133.548095703125,13409.0,NKE
2021-06-23 14:27:00,133.52999877929688,133.61000061035156,133.5,133.58749389648438,20450.0,NKE
2021-06-23 14:28:00,133.61000061035156,133.6300048828125,133.52999877929688,133.5800018310547,19705.0,NKE
2021-06-23 14:29:00,133.55999755859375,133.5800018310547,133.46949768066406,133.5050048828125,17392.0,NKE
2021-06-23 14:30:00,133.49000549316406,133.5500030517578,133.47999572753906,133.5500030517578,9081.0,NKE
2021-06-23 14:31:00,133.5500030517578,133.5500030517578,133.50999450683594,133.50999450683594,5463.0,NKE
2021-06-23 14:32:00,133.50999450683594,133.52000427246094,133.4499969482422,133.47000122070312,9470.0,NKE
2021-06-23 14:33:00,133.47000122070312,133.60000610351562,133.39999389648438,133.5341033935547,19371.0,NKE
2021-06-23 14:34:00,133.57000732421875,133.57000732421875,133.4199981689453,133.52000427246094,23754.0,NKE
2021-06-23 14:35:00,133.52999877929688,133.531005859375,133.41000366210938,133.47999572753906,22940.0,NKE
2021-06-23 14:36:00,133.48500061035156,133.52999877929688,133.47000122070312,133.52000427246094,10657.0,NKE
2021-06-23 14:37:00,133.50999450683594,133.52000427246094,133.43499755859375,133.47000122070312,9144.0,NKE
2021-06-23 14:38:00,133.4499969482422,133.55999755859375,133.44000244140625,133.5399932861328,8533.0,NKE
2021-06-23 14:39:00,133.5399932861328,133.55990600585938,133.4499969482422,133.47999572753906,10446.0,NKE
2021-06-23 14:40:00,133.47000122070312,133.5050048828125,133.4600067138672,133.47000122070312,12318.0,NKE
2021-06-23 14:41:00,133.47999572753906,133.50999450683594,133.4199981689453,133.42129516601562,6955.0,NKE
2021-06-23 14:42:00,133.4199981689453,133.44000244140625,133.33999633789062,133.38999938964844,10626.0,NKE
2021-06-23 14:43:00,133.3800048828125,133.3800048828125,133.32000732421875,133.36000061035156,7626.0,NKE
2021-06-23 14:44:00,133.3699951171875,133.3800048828125,133.32000732421875,133.34500122070312,9427.0,NKE
2021-06-23 14:45:00,133.35800170898438,133.5,133.34039306640625,133.47000122070312,26363.0,NKE
2021-06-23 14:46:00,133.47000122070312,133.47000122070312,133.3800048828125,133.39999389648438,7613.0,NKE
2021-06-23 14:47:00,133.39999389648438,133.46499633789062,133.3800048828125,133.44000244140625,8600.0,NKE
2021-06-23 14:48:00,133.44000244140625,133.49000549316406,133.42999267578125,133.42999267578125,5375.0,NKE
2021-06-23 14:49:00,133.4199981689453,133.4550018310547,133.40499877929688,133.4499969482422,5608.0,NKE
2021-06-23 14:50:00,133.44000244140625,133.47500610351562,133.41000366210938,133.47500610351562,11225.0,NKE
2021-06-23 14:51:00,133.4600067138672,133.47000122070312,133.39999389648438,133.39999389648438,8522.0,NKE
2021-06-23 14:52:00,133.38999938964844,133.41000366210938,133.3249969482422,133.35000610351562,21069.0,NKE
2021-06-23 14:53:00,133.36000061035156,133.44000244140625,133.36000061035156,133.44000244140625,2883.0,NKE
2021-06-23 14:54:00,,,,,,NKE
2021-06-23 14:55:00,133.5,133.5,133.46499633789062,133.5,44153.0,NKE
2021-06-23 14:56:00,133.49000549316406,133.5449981689453,133.49000549316406,133.5449981689453,14230.0,NKE
2021-06-23 14:57:00,133.5469970703125,133.55999755859375,133.5,133.52000427246094,9782.0,NKE
2021-06-23 14:58:00,133.50999450683594,133.5800018310547,133.5050048828125,133.5800018310547,8259.0,NKE
2021-06-23 14:59:00,133.58999633789062,133.67999267578125,133.58999633789062,133.67999267578125,12893.0,NKE
2021-06-23 15:00:00,133.69000244140625,133.6999969482422,133.50999450683594,133.50999450683594,29708.0,NKE
2021-06-23 15:01:00,133.52099609375,133.5399932861328,133.44500732421875,133.4499969482422,17248.0,NKE
2021-06-23 15:02:00,133.4600067138672,133.47000122070312,133.3000030517578,133.32000732421875,24104.0,NKE
2021-06-23 15:03:00,133.31500244140625,133.3300018310547,133.19500732421875,133.23500061035156,12921.0,NKE
2021-06-23 15:04:00,133.2375946044922,133.3249969482422,133.23390197753906,133.28500366210938,13611.0,NKE
2021-06-23 15:05:00,133.27000427246094,133.3300018310547,133.22999572753906,133.30999755859375,6740.0,NKE
2021-06-23 15:06:00,133.30999755859375,133.30999755859375,133.2100067138672,133.2100067138672,7772.0,NKE
2021-06-23 15:07:00,133.2100067138672,133.25,133.2100067138672,133.25,8273.0,NKE
2021-06-23 15:08:00,133.25999450683594,133.3000030517578,133.22999572753906,133.27000427246094,11873.0,NKE
2021-06-23 15:09:00,133.25999450683594,133.32009887695312,133.24000549316406,133.3000030517578,9327.0,NKE
2021-06-23 15:10:00,133.30349731445312,133.30349731445312,133.17999267578125,133.17999267578125,7287.0,NKE
2021-06-23 15:11:00,133.1699981689453,133.19500732421875,133.0500030517578,133.0500030517578,9950.0,NKE
2021-06-23 15:12:00,133.0399932861328,133.1300048828125,133.02999877929688,133.1300048828125,10617.0,NKE
2021-06-23 15:13:00,133.13999938964844,133.16000366210938,133.1199951171875,133.16000366210938,6040.0,NKE
2021-06-23 15:14:00,133.17999267578125,133.1999969482422,133.1649932861328,133.1699981689453,5952.0,NKE
2021-06-23 15:15:00,133.16000366210938,133.1699981689453,133.1300048828125,133.1555938720703,4127.0,NKE
2021-06-23 15:16:00,133.14999389648438,133.15499877929688,133.1199951171875,133.1199951171875,6011.0,NKE
2021-06-23 15:17:00,133.11000061035156,133.11000061035156,133.0590057373047,133.05999755859375,2061.0,NKE
2021-06-23 15:18:00,133.05999755859375,133.0800018310547,133.0399932861328,133.0800018310547,7047.0,NKE
2021-06-23 15:19:00,133.0800018310547,133.14999389648438,133.0800018310547,133.14999389648438,6716.0,NKE
2021-06-23 15:20:00,133.13999938964844,133.13999938964844,133.08999633789062,133.10499572753906,6003.0,NKE
2021-06-23 15:21:00,133.10000610351562,133.16000366210938,133.09500122070312,133.15499877929688,4986.0,NKE
2021-06-23 15:22:00,133.13999938964844,133.16000366210938,133.13999938964844,133.14999389648438,4717.0,NKE
2021-06-23 15:23:00,133.16000366210938,133.19000244140625,133.14999389648438,133.1699981689453,5578.0,NKE
2021-06-23 15:24:00,133.1699981689453,133.25999450683594,133.1699981689453,133.25999450683594,3221.0,NKE
2021-06-23 15:25:00,133.25999450683594,133.32000732421875,133.25999450683594,133.27999877929688,11946.0,NKE
2021-06-23 15:26:00,133.27000427246094,133.27999877929688,133.22000122070312,133.22999572753906,6041.0,NKE
2021-06-23 15:27:00,133.24000549316406,133.25,133.19000244140625,133.22999572753906,6629.0,NKE
2021-06-23 15:28:00,133.22000122070312,133.22999572753906,133.1999969482422,133.2100067138672,6028.0,NKE
2021-06-23 15:29:00,133.1999969482422,133.2100067138672,133.1699981689453,133.2100067138672,7595.0,NKE
2021-06-23 15:30:00,133.22000122070312,133.2899932861328,133.17999267578125,133.17999267578125,9413.0,NKE
2021-06-23 15:31:00,133.17990112304688,133.1999969482422,133.17990112304688,133.1999969482422,3461.0,NKE
2021-06-23 15:32:00,133.19000244140625,133.1999969482422,133.1300048828125,133.1699981689453,4328.0,NKE
2021-06-23 15:33:00,133.1999969482422,133.1999969482422,133.1300048828125,133.1699981689453,9195.0,NKE
2021-06-23 15:34:00,133.16000366210938,133.16000366210938,133.08999633789062,133.08999633789062,12327.0,NKE
2021-06-23 15:35:00,133.08999633789062,133.13999938964844,133.0800018310547,133.10000610351562,15734.0,NKE
2021-06-23 15:36:00,133.10000610351562,133.11000061035156,133.00999450683594,133.02000427246094,15366.0,NKE
2021-06-23 15:37:00,133.02999877929688,133.07000732421875,133.0,133.00999450683594,3370.0,NKE
2021-06-23 15:38:00,133.02000427246094,133.02999877929688,132.99009704589844,133.02999877929688,16865.0,NKE
2021-06-23 15:39:00,133.03500366210938,133.03500366210938,132.9600067138672,132.9600067138672,12904.0,NKE
2021-06-23 15:40:00,132.9499969482422,132.99000549316406,132.94500732421875,132.97000122070312,5086.0,NKE
2021-06-23 15:41:00,132.9600067138672,132.97999572753906,132.9199981689453,132.97000122070312,8043.0,NKE
2021-06-23 15:42:00,132.97999572753906,132.99000549316406,132.96620178222656,132.97000122070312,2556.0,NKE
2021-06-23 15:43:00,132.99000549316406,133.00999450683594,132.99000549316406,133.00999450683594,3380.0,NKE
2021-06-23 15:44:00,133.00999450683594,133.07000732421875,133.0,133.07000732421875,5093.0,NKE
2021-06-23 15:45:00,133.07839965820312,133.08999633789062,132.97000122070312,132.99000549316406,7690.0,NKE
2021-06-23 15:46:00,133.00509643554688,133.02000427246094,132.97999572753906,132.98989868164062,6886.0,NKE
2021-06-23 15:47:00,132.97999572753906,132.99000549316406,132.92999267578125,132.92999267578125,6039.0,NKE
2021-06-23 15:48:00,132.94000244140625,132.9499969482422,132.93499755859375,132.94000244140625,3201.0,NKE
2021-06-23 15:49:00,132.94000244140625,132.97000122070312,132.91000366210938,132.94500732421875,7108.0,NKE
2021-06-23 15:50:00,132.9499969482422,132.99000549316406,132.92970275878906,132.97000122070312,15909.0,NKE
2021-06-23 15:51:00,132.97500610351562,133.02000427246094,132.97500610351562,133.02000427246094,11026.0,NKE
2021-06-23 15:52:00,133.00999450683594,133.05999755859375,133.00999450683594,133.05999755859375,3806.0,NKE
2021-06-23 15:53:00,133.06500244140625,133.07000732421875,133.05270385742188,133.07000732421875,3350.0,NKE
2021-06-23 15:54:00,133.05999755859375,133.1300048828125,133.05999755859375,133.08999633789062,6795.0,NKE
2021-06-23 15:55:00,133.0800018310547,133.10000610351562,133.0800018310547,133.0800018310547,3946.0,NKE
2021-06-23 15:56:00,133.0800018310547,133.0800018310547,133.0500030517578,133.07000732421875,5342.0,NKE
2021-06-23 15:57:00,133.0800018310547,133.08999633789062,133.05999755859375,133.08999633789062,4451.0,NKE
2021-06-23 15:58:00,133.08999633789062,133.08999633789062,133.02999877929688,133.03500366210938,4346.0,NKE
2021-06-23 15:59:00,133.01100158691406,133.0399932861328,132.97999572753906,133.0399932861328,5189.0,NKE
2021-06-23 16:00:00,133.0399932861328,133.05999755859375,133.02000427246094,133.0500030517578,4244.0,NKE
2021-06-23 16:01:00,133.0500030517578,133.0500030517578,132.99000549316406,133.00999450683594,6959.0,NKE
2021-06-23 16:02:00,133.00999450683594,133.02000427246094,132.97999572753906,133.02000427246094,4767.0,NKE
2021-06-23 16:03:00,133.02999877929688,133.10000610351562,133.02999877929688,133.10000610351562,7358.0,NKE
2021-06-23 16:04:00,133.10000610351562,133.11000061035156,133.05999755859375,133.07000732421875,4709.0,NKE
2021-06-23 16:05:00,133.0500030517578,133.10499572753906,133.0449981689453,133.10499572753906,4793.0,NKE
2021-06-23 16:06:00,133.11000061035156,133.14999389648438,133.11000061035156,133.14990234375,6906.0,NKE
2021-06-23 16:07:00,133.1999969482422,133.24000549316406,133.17999267578125,133.24000549316406,3324.0,NKE
2021-06-23 16:08:00,133.22900390625,133.22900390625,133.1699981689453,133.17999267578125,7368.0,NKE
2021-06-23 16:09:00,133.16000366210938,133.22999572753906,133.1199951171875,133.2220001220703,32906.0,NKE
2021-06-23 16:10:00,133.22000122070312,133.24000549316406,133.22000122070312,133.24000549316406,2975.0,NKE
2021-06-23 16:11:00,133.22000122070312,133.32000732421875,133.2100067138672,133.32000732421875,11303.0,NKE
2021-06-23 16:12:00,133.30999755859375,133.36000061035156,133.30999755859375,133.35000610351562,14722.0,NKE
2021-06-23 16:13:00,133.33999633789062,133.33999633789062,133.2100067138672,133.2100067138672,3571.0,NKE
2021-06-23 16:14:00,133.2100067138672,133.22000122070312,133.14999389648438,133.1999969482422,6913.0,NKE
2021-06-23 16:15:00,133.1999969482422,133.1999969482422,133.1699981689453,133.19009399414062,4560.0,NKE
2021-06-23 16:16:00,133.19000244140625,133.22999572753906,133.16380310058594,133.1750030517578,7872.0,NKE
2021-06-23 16:17:00,133.16439819335938,133.16439819335938,133.11000061035156,133.14999389648438,5409.0,NKE
2021-06-23 16:18:00,133.1300048828125,133.1300048828125,133.1199951171875,133.1199951171875,1974.0,NKE
2021-06-23 16:19:00,133.1199951171875,133.1199951171875,133.05999755859375,133.0800018310547,6831.0,NKE
2021-06-23 16:20:00,133.0800018310547,133.11000061035156,133.0800018310547,133.1082000732422,6335.0,NKE
2021-06-23 16:21:00,133.11000061035156,133.11500549316406,133.0832977294922,133.0832977294922,3528.0,NKE
2021-06-23 16:22:00,133.10000610351562,133.10000610351562,133.07460021972656,133.08990478515625,3343.0,NKE
2021-06-23 16:23:00,133.07000732421875,133.0800018310547,133.0399932861328,133.0399932861328,9388.0,NKE
2021-06-23 16:24:00,133.02879333496094,133.0500030517578,133.02879333496094,133.03990173339844,1225.0,NKE
2021-06-23 16:25:00,133.0399932861328,133.0399932861328,132.9600067138672,132.9927978515625,8120.0,NKE
2021-06-23 16:26:00,133.0,133.05499267578125,133.0,133.05499267578125,4453.0,NKE
2021-06-23 16:27:00,133.0500030517578,133.0500030517578,133.02000427246094,133.02499389648438,6283.0,NKE
2021-06-23 16:28:00,133.02999877929688,133.1199951171875,133.02999877929688,133.11000061035156,5249.0,NKE
2021-06-23 16:29:00,133.1199951171875,133.1697998046875,133.1199951171875,133.16000366210938,7629.0,NKE
2021-06-23 16:30:00,133.16000366210938,133.18499755859375,133.13999938964844,133.13999938964844,5149.0,NKE
2021-06-23 16:31:00,133.10000610351562,133.10000610351562,133.05999755859375,133.07530212402344,3918.0,NKE
2021-06-23 16:32:00,133.07000732421875,133.0800018310547,133.02999877929688,133.02999877929688,6443.0,NKE
2021-06-23 16:33:00,133.02000427246094,133.0399932861328,133.02000427246094,133.0399932861328,2514.0,NKE
2021-06-23 16:34:00,133.02999877929688,133.1199951171875,133.02999877929688,133.1199951171875,7078.0,NKE
2021-06-23 16:35:00,133.13999938964844,133.14889526367188,133.0800018310547,133.0800018310547,5814.0,NKE
2021-06-23 16:36:00,133.08999633789062,133.08999633789062,133.0399932861328,133.0399932861328,3949.0,NKE
2021-06-23 16:37:00,133.03500366210938,133.0449981689453,132.99000549316406,133.02000427246094,4968.0,NKE
2021-06-23 16:38:00,133.0,133.0,132.94000244140625,132.94000244140625,5623.0,NKE
2021-06-23 16:39:00,132.9199981689453,132.9199981689453,132.85000610351562,132.86000061035156,9677.0,NKE
2021-06-23 16:40:00,132.85000610351562,132.8730926513672,132.83999633789062,132.86000061035156,5698.0,NKE
2021-06-23 16:41:00,132.86000061035156,132.86000061035156,132.85000610351562,132.85000610351562,1769.0,NKE
2021-06-23 16:42:00,132.85499572753906,132.86000061035156,132.8300018310547,132.86000061035156,3573.0,NKE
2021-06-23 16:43:00,132.86619567871094,132.92999267578125,132.86619567871094,132.91000366210938,4794.0,NKE
2021-06-23 16:44:00,132.91000366210938,132.9600067138672,132.91000366210938,132.9600067138672,3966.0,NKE
2021-06-23 16:45:00,132.97000122070312,132.97000122070312,132.9499969482422,132.95700073242188,3636.0,NKE
2021-06-23 16:46:00,132.9600067138672,133.07000732421875,132.9600067138672,133.07000732421875,9697.0,NKE
2021-06-23 16:47:00,133.0500030517578,133.1300048828125,133.0500030517578,133.1300048828125,7844.0,NKE
2021-06-23 16:48:00,133.1300048828125,133.14999389648438,133.0449981689453,133.05999755859375,11313.0,NKE
2021-06-23 16:49:00,133.0500030517578,133.05999755859375,133.0,133.02000427246094,8467.0,NKE
2021-06-23 16:50:00,133.02000427246094,133.05999755859375,133.02000427246094,133.0399932861328,8521.0,NKE
2021-06-23 16:51:00,133.0399932861328,133.11000061035156,133.0399932861328,133.0399932861328,8247.0,NKE
2021-06-23 16:52:00,133.02999877929688,133.05999755859375,132.97999572753906,132.97999572753906,15216.0,NKE
2021-06-23 16:53:00,132.9600067138672,133.00999450683594,132.9600067138672,133.00999450683594,4895.0,NKE
2021-06-23 16:54:00,133.00999450683594,133.02999877929688,133.00999450683594,133.00999450683594,3446.0,NKE
2021-06-23 16:55:00,133.02000427246094,133.0261993408203,132.9700927734375,132.98959350585938,8106.0,NKE
2021-06-23 16:56:00,132.97000122070312,133.0500030517578,132.97000122070312,133.0399932861328,6465.0,NKE
2021-06-23 16:57:00,133.0500030517578,133.08999633789062,133.0500030517578,133.0800018310547,3905.0,NKE
2021-06-23 16:58:00,133.0800018310547,133.11000061035156,133.07460021972656,133.0800018310547,8307.0,NKE
2021-06-23 16:59:00,133.05999755859375,133.08999633789062,133.05999755859375,133.08999633789062,4259.0,NKE
2021-06-23 17:00:00,133.10000610351562,133.1199951171875,133.10000610351562,133.11500549316406,3977.0,NKE
2021-06-23 17:01:00,133.10000610351562,133.1199951171875,133.07449340820312,133.07449340820312,4526.0,NKE
2021-06-23 17:02:00,133.07000732421875,133.08999633789062,133.0500030517578,133.0800018310547,5465.0,NKE
2021-06-23 17:03:00,133.07000732421875,133.0749969482422,133.0399932861328,133.0500030517578,6843.0,NKE
2021-06-23 17:04:00,133.06239318847656,133.1300048828125,133.05999755859375,133.1300048828125,4785.0,NKE
2021-06-23 17:05:00,133.11000061035156,133.11000061035156,133.08999633789062,133.11000061035156,4825.0,NKE
2021-06-23 17:06:00,133.10499572753906,133.14500427246094,133.10499572753906,133.125,5408.0,NKE
2021-06-23 17:07:00,133.1199951171875,133.1300048828125,133.10000610351562,133.10000610351562,10199.0,NKE
2021-06-23 17:08:00,133.10000610351562,133.1199951171875,133.08999633789062,133.11000061035156,3660.0,NKE
2021-06-23 17:09:00,133.11000061035156,133.1300048828125,133.0800018310547,133.0800018310547,7803.0,NKE
2021-06-23 17:10:00,133.0850067138672,133.10000610351562,133.0800018310547,133.09500122070312,4987.0,NKE
2021-06-23 17:11:00,133.10000610351562,133.1199951171875,133.10000610351562,133.1199951171875,5124.0,NKE
2021-06-23 17:12:00,133.11000061035156,133.1300048828125,133.0800018310547,133.1199951171875,6915.0,NKE
2021-06-23 17:13:00,133.1300048828125,133.1699981689453,133.1300048828125,133.1699981689453,6303.0,NKE
2021-06-23 17:14:00,133.1699981689453,133.22000122070312,133.16000366210938,133.22000122070312,4302.0,NKE
2021-06-23 17:15:00,133.22000122070312,133.25,133.10000610351562,133.10000610351562,19009.0,NKE
2021-06-23 17:16:00,133.10000610351562,133.1300048828125,133.10000610351562,133.1199951171875,3573.0,NKE
2021-06-23 17:17:00,133.11000061035156,133.11000061035156,133.0800018310547,133.08999633789062,4744.0,NKE
2021-06-23 17:18:00,133.0800018310547,133.0850067138672,132.97999572753906,132.99000549316406,10818.0,NKE
2021-06-23 17:19:00,132.99000549316406,133.0500030517578,132.98500061035156,133.0500030517578,9983.0,NKE
2021-06-23 17:20:00,133.0500030517578,133.07000732421875,133.0399932861328,133.0655975341797,6411.0,NKE
2021-06-23 17:21:00,133.07000732421875,133.10000610351562,133.05999755859375,133.10000610351562,4539.0,NKE
2021-06-23 17:22:00,133.11000061035156,133.1300048828125,133.11000061035156,133.1300048828125,3405.0,NKE
2021-06-23 17:23:00,133.1300048828125,133.1300048828125,133.0742950439453,133.08999633789062,3522.0,NKE
2021-06-23 17:24:00,133.08999633789062,133.13999938964844,133.0800018310547,133.11000061035156,4965.0,NKE
2021-06-23 17:25:00,133.1199951171875,133.1280975341797,133.0800018310547,133.0886993408203,3201.0,NKE
2021-06-23 17:26:00,133.0800018310547,133.0800018310547,133.02999877929688,133.02999877929688,2484.0,NKE
2021-06-23 17:27:00,133.01809692382812,133.0260009765625,133.01499938964844,133.01499938964844,2254.0,NKE
2021-06-23 17:28:00,133.02000427246094,133.02999877929688,133.01499938964844,133.02000427246094,3154.0,NKE
2021-06-23 17:29:00,133.01499938964844,133.0500030517578,133.01499938964844,133.0500030517578,3895.0,NKE
2021-06-23 17:30:00,133.0399932861328,133.0749969482422,133.0399932861328,133.07000732421875,5383.0,NKE
2021-06-23 17:31:00,133.07000732421875,133.1199951171875,133.07000732421875,133.1199951171875,4771.0,NKE
2021-06-23 17:32:00,133.1199951171875,133.17999267578125,133.1199951171875,133.16000366210938,5118.0,NKE
2021-06-23 17:33:00,133.16000366210938,133.1999969482422,133.16000366210938,133.19000244140625,3317.0,NKE
2021-06-23 17:34:00,133.19000244140625,133.19650268554688,133.1300048828125,133.14999389648438,16750.0,NKE
2021-06-23 17:35:00,133.14999389648438,133.1699981689453,133.1300048828125,133.1699981689453,2191.0,NKE
2021-06-23 17:36:00,133.1699981689453,133.2100067138672,133.16000366210938,133.2100067138672,8599.0,NKE
2021-06-23 17:37:00,133.218505859375,133.24000549316406,133.19000244140625,133.19000244140625,6728.0,NKE
2021-06-23 17:38:00,133.1699981689453,133.1699981689453,133.14010620117188,133.14999389648438,4748.0,NKE
2021-06-23 17:39:00,133.16000366210938,133.1699981689453,133.07000732421875,133.11000061035156,6750.0,NKE
2021-06-23 17:40:00,133.10000610351562,133.10000610351562,133.0449981689453,133.0449981689453,3639.0,NKE
2021-06-23 17:41:00,133.02000427246094,133.0500030517578,133.0198974609375,133.04989624023438,4173.0,NKE
2021-06-23 17:42:00,133.0399932861328,133.08999633789062,133.0399932861328,133.0500030517578,9556.0,NKE
2021-06-23 17:43:00,133.07000732421875,133.08999633789062,133.05999755859375,133.07000732421875,2681.0,NKE
2021-06-23 17:44:00,133.07530212402344,133.07530212402344,133.07000732421875,133.07000732421875,814.0,NKE
2021-06-23 17:45:00,133.07000732421875,133.12899780273438,133.07000732421875,133.11000061035156,5616.0,NKE
2021-06-23 17:46:00,133.11599731445312,133.1199951171875,133.10000610351562,133.10499572753906,5162.0,NKE
2021-06-23 17:47:00,133.10000610351562,133.1199951171875,133.08999633789062,133.0959930419922,6247.0,NKE
2021-06-23 17:48:00,133.0800018310547,133.0800018310547,133.0399932861328,133.0449981689453,8594.0,NKE
2021-06-23 17:49:00,133.00999450683594,133.0399932861328,132.9949951171875,133.02999877929688,7008.0,NKE
2021-06-23 17:50:00,133.02499389648438,133.02499389648438,132.9550018310547,132.9550018310547,4491.0,NKE
2021-06-23 17:51:00,132.94630432128906,132.9499969482422,132.9199981689453,132.94000244140625,4449.0,NKE
2021-06-23 17:52:00,132.94000244140625,132.9499969482422,132.93499755859375,132.9499969482422,3996.0,NKE
2021-06-23 17:53:00,132.9600067138672,133.00999450683594,132.9499969482422,133.0,6250.0,NKE
2021-06-23 17:54:00,133.0063018798828,133.00999450683594,132.9403076171875,132.9499969482422,4687.0,NKE
2021-06-23 17:55:00,132.9600067138672,132.9759979248047,132.91000366210938,132.91000366210938,5867.0,NKE
2021-06-23 17:56:00,132.9250030517578,132.94009399414062,132.9250030517578,132.94009399414062,2417.0,NKE
2021-06-23 17:57:00,132.92999267578125,132.93499755859375,132.9199981689453,132.92999267578125,2217.0,NKE
2021-06-23 17:58:00,132.9199981689453,132.94000244140625,132.9199981689453,132.93499755859375,4073.0,NKE
2021-06-23 17:59:00,132.92999267578125,132.9499969482422,132.9250030517578,132.93499755859375,6857.0,NKE
2021-06-23 18:00:00,132.94000244140625,132.94000244140625,132.88999938964844,132.89999389648438,4550.0,NKE
2021-06-23 18:01:00,132.88999938964844,132.90469360351562,132.83999633789062,132.8699951171875,16668.0,NKE
2021-06-23 18:02:00,132.8800048828125,132.97000122070312,132.875,132.89500427246094,9018.0,NKE
2021-06-23 18:03:00,132.91000366210938,132.9199981689453,132.88999938964844,132.91990661621094,4499.0,NKE
2021-06-23 18:04:00,132.91810607910156,132.9199981689453,132.91000366210938,132.91000366210938,2620.0,NKE
2021-06-23 18:05:00,132.91000366210938,132.92999267578125,132.91000366210938,132.9149932861328,2680.0,NKE
2021-06-23 18:06:00,132.9199981689453,132.9199981689453,132.91000366210938,132.91000366210938,1567.0,NKE
2021-06-23 18:07:00,132.89999389648438,132.89999389648438,132.88999938964844,132.88999938964844,5475.0,NKE
2021-06-23 18:08:00,132.8800048828125,132.88999938964844,132.84500122070312,132.8800048828125,8376.0,NKE
2021-06-23 18:09:00,132.8679962158203,132.88999938964844,132.86099243164062,132.86099243164062,4012.0,NKE
2021-06-23 18:10:00,132.8699951171875,132.8800048828125,132.85000610351562,132.8800048828125,6313.0,NKE
2021-06-23 18:11:00,132.8800048828125,132.8800048828125,132.8699951171875,132.8699951171875,657.0,NKE
2021-06-23 18:12:00,132.8800048828125,132.88999938964844,132.86000061035156,132.8699951171875,6089.0,NKE
2021-06-23 18:13:00,132.875,132.89500427246094,132.875,132.8800048828125,4782.0,NKE
2021-06-23 18:14:00,132.8800048828125,132.89999389648438,132.8800048828125,132.89999389648438,3534.0,NKE
2021-06-23 18:15:00,132.89999389648438,132.89999389648438,132.86000061035156,132.86000061035156,5137.0,NKE
2021-06-23 18:16:00,132.86000061035156,132.89500427246094,132.83999633789062,132.88999938964844,8039.0,NKE
2021-06-23 18:17:00,132.88099670410156,132.94000244140625,132.8800048828125,132.9199981689453,6076.0,NKE
2021-06-23 18:18:00,132.9149932861328,132.9600067138672,132.89999389648438,132.9199981689453,9945.0,NKE
2021-06-23 18:19:00,132.9250030517578,133.02000427246094,132.9199981689453,133.02000427246094,8809.0,NKE
2021-06-23 18:20:00,133.02000427246094,133.02999877929688,132.9199981689453,132.9499969482422,6744.0,NKE
2021-06-23 18:21:00,132.9499969482422,132.9499969482422,132.91000366210938,132.9199981689453,4400.0,NKE
2021-06-23 18:22:00,132.91000366210938,132.97999572753906,132.91000366210938,132.97999572753906,5838.0,NKE
2021-06-23 18:23:00,132.96749877929688,132.97500610351562,132.9250030517578,132.9499969482422,4127.0,NKE
2021-06-23 18:24:00,132.94000244140625,133.02000427246094,132.94000244140625,133.00450134277344,6000.0,NKE
2021-06-23 18:25:00,133.02000427246094,133.0399932861328,133.01100158691406,133.02999877929688,5116.0,NKE
2021-06-23 18:26:00,133.02499389648438,133.02499389648438,132.97999572753906,132.99000549316406,5098.0,NKE
2021-06-23 18:27:00,132.9949951171875,133.02999877929688,132.9949951171875,133.02000427246094,2785.0,NKE
2021-06-23 18:28:00,133.0399932861328,133.05499267578125,133.02000427246094,133.02999877929688,10092.0,NKE
2021-06-23 18:29:00,133.0399932861328,133.08999633789062,133.02999877929688,133.0399932861328,7424.0,NKE
2021-06-23 18:30:00,133.0500030517578,133.05999755859375,133.02000427246094,133.02000427246094,2026.0,NKE
2021-06-23 18:31:00,133.02000427246094,133.02000427246094,132.9600067138672,132.9600067138672,3553.0,NKE
2021-06-23 18:32:00,132.96499633789062,133.02000427246094,132.96499633789062,133.0050048828125,3985.0,NKE
2021-06-23 18:33:00,132.99009704589844,133.02000427246094,132.99000549316406,133.02000427246094,3773.0,NKE
2021-06-23 18:34:00,133.02000427246094,133.03500366210938,133.02000427246094,133.02000427246094,5205.0,NKE
2021-06-23 18:35:00,133.02499389648438,133.0596923828125,133.00999450683594,133.00999450683594,5601.0,NKE
2021-06-23 18:36:00,133.00999450683594,133.02000427246094,133.0,133.02000427246094,2486.0,NKE
2021-06-23 18:37:00,133.02000427246094,133.0749969482422,133.02000427246094,133.0601043701172,11978.0,NKE
2021-06-23 18:38:00,133.05999755859375,133.0800018310547,133.05499267578125,133.0800018310547,2708.0,NKE
2021-06-23 18:39:00,133.07000732421875,133.0800018310547,133.05999755859375,133.0800018310547,7548.0,NKE
2021-06-23 18:40:00,133.07000732421875,133.07000732421875,133.0,133.0,6254.0,NKE
2021-06-23 18:41:00,133.00160217285156,133.02000427246094,132.98809814453125,132.98809814453125,5003.0,NKE
2021-06-23 18:42:00,132.97999572753906,132.97999572753906,132.92999267578125,132.96499633789062,7419.0,NKE
2021-06-23 18:43:00,132.97000122070312,132.97999572753906,132.9600067138672,132.9600067138672,3847.0,NKE
2021-06-23 18:44:00,132.9600067138672,132.97500610351562,132.92999267578125,132.9600067138672,6903.0,NKE
2021-06-23 18:45:00,132.9600067138672,132.9600067138672,132.94500732421875,132.95899963378906,3706.0,NKE
2021-06-23 18:46:00,132.9499969482422,132.95460510253906,132.94000244140625,132.94119262695312,2989.0,NKE
2021-06-23 18:47:00,132.94500732421875,132.96499633789062,132.94500732421875,132.9600067138672,3999.0,NKE
2021-06-23 18:48:00,132.9499969482422,132.9499969482422,132.91180419921875,132.9250030517578,4106.0,NKE
2021-06-23 18:49:00,132.9199981689453,132.9199981689453,132.91000366210938,132.91000366210938,3880.0,NKE
2021-06-23 18:50:00,132.9008026123047,132.91000366210938,132.88999938964844,132.89999389648438,4496.0,NKE
2021-06-23 18:51:00,132.89669799804688,132.91000366210938,132.88389587402344,132.88999938964844,3479.0,NKE
2021-06-23 18:52:00,132.88999938964844,132.9600067138672,132.88999938964844,132.9600067138672,11263.0,NKE
2021-06-23 18:53:00,132.9499969482422,132.9600067138672,132.91000366210938,132.91000366210938,4652.0,NKE
2021-06-23 18:54:00,132.9199981689453,132.94000244140625,132.88999938964844,132.92999267578125,9270.0,NKE
2021-06-23 18:55:00,132.94000244140625,133.0399932861328,132.94000244140625,133.02000427246094,12030.0,NKE
2021-06-23 18:56:00,133.03250122070312,133.03500366210938,132.9199981689453,132.9600067138672,17271.0,NKE
2021-06-23 18:57:00,132.9600067138672,132.99000549316406,132.94000244140625,132.9600067138672,11786.0,NKE
2021-06-23 18:58:00,132.9600067138672,132.99000549316406,132.91990661621094,132.9449005126953,11344.0,NKE
2021-06-23 18:59:00,132.97999572753906,132.97999572753906,132.94000244140625,132.97000122070312,7258.0,NKE
2021-06-23 19:00:00,132.97000122070312,132.97900390625,132.94000244140625,132.94000244140625,5502.0,NKE
2021-06-23 19:01:00,132.9499969482422,132.9499969482422,132.9199981689453,132.9199981689453,5543.0,NKE
2021-06-23 19:02:00,132.9199981689453,132.92999267578125,132.91000366210938,132.92999267578125,5619.0,NKE
2021-06-23 19:03:00,132.91000366210938,132.91000366210938,132.8800048828125,132.91000366210938,5904.0,NKE
2021-06-23 19:04:00,132.9156951904297,132.9199981689453,132.90499877929688,132.90499877929688,2146.0,NKE
2021-06-23 19:05:00,132.89999389648438,132.9499969482422,132.8800048828125,132.9199981689453,7111.0,NKE
2021-06-23 19:06:00,132.9250030517578,132.94000244140625,132.89999389648438,132.9199981689453,5879.0,NKE
2021-06-23 19:07:00,132.9199981689453,132.92999267578125,132.89999389648438,132.91299438476562,3385.0,NKE
2021-06-23 19:08:00,132.9199981689453,132.9600067138672,132.9199981689453,132.94000244140625,6986.0,NKE
2021-06-23 19:09:00,132.94000244140625,132.97000122070312,132.94000244140625,132.9499969482422,8183.0,NKE
2021-06-23 19:10:00,132.9600067138672,133.11000061035156,132.94000244140625,133.11000061035156,88155.0,NKE
2021-06-23 19:11:00,133.10000610351562,133.1251983642578,133.10000610351562,133.10000610351562,13027.0,NKE
2021-06-23 19:12:00,133.10000610351562,133.1199951171875,133.05999755859375,133.10000610351562,13105.0,NKE
2021-06-23 19:13:00,133.0800018310547,133.1750030517578,133.05999755859375,133.16000366210938,67751.0,NKE
2021-06-23 19:14:00,133.14500427246094,133.25,133.14500427246094,133.25,6312.0,NKE
2021-06-23 19:15:00,133.22999572753906,133.24000549316406,133.19000244140625,133.1999969482422,6868.0,NKE
2021-06-23 19:16:00,133.19000244140625,133.27999877929688,133.17999267578125,133.27000427246094,10272.0,NKE
2021-06-23 19:17:00,133.27999877929688,133.3000030517578,133.25,133.3000030517578,9619.0,NKE
2021-06-23 19:18:00,133.3000030517578,133.35000610351562,133.3000030517578,133.35000610351562,14602.0,NKE
2021-06-23 19:19:00,133.36000061035156,133.36000061035156,133.3300018310547,133.36000061035156,8061.0,NKE
2021-06-23 19:20:00,133.36000061035156,133.41000366210938,133.36000061035156,133.39500427246094,9824.0,NKE
2021-06-23 19:21:00,133.39500427246094,133.39500427246094,133.29010009765625,133.29010009765625,6320.0,NKE
2021-06-23 19:22:00,133.3000030517578,133.35000610351562,133.3000030517578,133.35000610351562,3936.0,NKE
2021-06-23 19:23:00,133.35000610351562,133.41000366210938,133.35000610351562,133.41000366210938,18219.0,NKE
2021-06-23 19:24:00,133.41000366210938,133.42999267578125,133.41000366210938,133.4250030517578,7206.0,NKE
2021-06-23 19:25:00,133.4199981689453,133.4199981689453,133.3699951171875,133.375,12720.0,NKE
2021-06-23 19:26:00,133.3699951171875,133.4199981689453,133.36000061035156,133.3699951171875,13548.0,NKE
2021-06-23 19:27:00,133.3699951171875,133.3699951171875,133.31199645996094,133.3300018310547,13184.0,NKE
2021-06-23 19:28:00,133.35000610351562,133.38999938964844,133.3300018310547,133.38999938964844,8154.0,NKE
2021-06-23 19:29:00,133.38999938964844,133.39999389648438,133.3249969482422,133.3300018310547,15741.0,NKE
2021-06-23 19:30:00,133.33999633789062,133.33999633789062,133.3000030517578,133.3249969482422,12184.0,NKE
2021-06-23 19:31:00,133.32000732421875,133.32000732421875,133.24000549316406,133.28619384765625,13131.0,NKE
2021-06-23 19:32:00,133.27000427246094,133.3699951171875,133.27000427246094,133.3699951171875,13530.0,NKE
2021-06-23 19:33:00,133.3699951171875,133.3800048828125,133.35000610351562,133.3800048828125,8417.0,NKE
2021-06-23 19:34:00,133.3634033203125,133.42999267578125,133.3634033203125,133.41000366210938,12022.0,NKE
2021-06-23 19:35:00,133.4185028076172,133.4499969482422,133.41000366210938,133.4149932861328,7604.0,NKE
2021-06-23 19:36:00,133.4199981689453,133.43499755859375,133.39019775390625,133.39999389648438,8792.0,NKE
2021-06-23 19:37:00,133.38999938964844,133.42999267578125,133.3699951171875,133.41000366210938,10418.0,NKE
2021-06-23 19:38:00,133.3800048828125,133.40499877929688,133.3800048828125,133.38499450683594,7988.0,NKE
2021-06-23 19:39:00,133.38499450683594,133.39999389648438,133.38499450683594,133.39999389648438,3703.0,NKE
2021-06-23 19:40:00,133.38999938964844,133.41000366210938,133.3800048828125,133.39999389648438,12745.0,NKE
2021-06-23 19:41:00,133.39999389648438,133.4149932861328,133.39500427246094,133.39500427246094,5043.0,NKE
2021-06-23 19:42:00,133.38999938964844,133.39999389648438,133.36830139160156,133.3800048828125,11023.0,NKE
2021-06-23 19:43:00,133.3800048828125,133.3800048828125,133.32000732421875,133.35000610351562,10793.0,NKE
2021-06-23 19:44:00,133.35000610351562,133.4199981689453,133.35000610351562,133.4199981689453,11478.0,NKE
2021-06-23 19:45:00,133.41000366210938,133.49000549316406,133.41000366210938,133.4199981689453,26994.0,NKE
2021-06-23 19:46:00,133.41000366210938,133.42999267578125,133.39999389648438,133.41000366210938,10653.0,NKE
2021-06-23 19:47:00,133.41000366210938,133.47000122070312,133.40899658203125,133.4499969482422,16956.0,NKE
2021-06-23 19:48:00,133.44500732421875,133.44500732421875,133.22000122070312,133.32000732421875,35267.0,NKE
2021-06-23 19:49:00,133.30999755859375,133.30999755859375,133.22000122070312,133.25599670410156,13932.0,NKE
2021-06-23 19:50:00,133.22000122070312,133.22000122070312,133.08999633789062,133.09500122070312,25485.0,NKE
2021-06-23 19:51:00,133.10000610351562,133.16000366210938,133.08999633789062,133.11000061035156,20703.0,NKE
2021-06-23 19:52:00,133.11000061035156,133.1999969482422,133.11000061035156,133.14999389648438,18024.0,NKE
2021-06-23 19:53:00,133.16000366210938,133.17999267578125,133.1199951171875,133.12989807128906,18748.0,NKE
2021-06-23 19:54:00,133.1199951171875,133.16000366210938,133.1199951171875,133.14500427246094,23544.0,NKE
2021-06-23 19:55:00,133.14999389648438,133.25,133.14999389648438,133.24000549316406,38118.0,NKE
2021-06-23 19:56:00,133.22999572753906,133.32000732421875,133.19000244140625,133.30999755859375,36082.0,NKE
2021-06-23 19:57:00,133.30999755859375,133.30999755859375,133.19000244140625,133.27000427246094,40777.0,NKE
2021-06-23 19:58:00,133.2698974609375,133.2899932861328,133.164794921875,133.25999450683594,53225.0,NKE
2021-06-23 19:59:00,133.25999450683594,133.27000427246094,133.0399932861328,133.08999633789062,108496.0,NKE
2021-06-24 13:30:00,133.89999389648438,134.41000366210938,133.80999755859375,134.375,224636.0,NKE
2021-06-24 13:31:00,134.3300018310547,134.44000244140625,134.2100067138672,134.42750549316406,22418.0,NKE
2021-06-24 13:32:00,134.39999389648438,134.47999572753906,134.35000610351562,134.44500732421875,17566.0,NKE
2021-06-24 13:33:00,134.44500732421875,134.5500030517578,134.375,134.39999389648438,38998.0,NKE
2021-06-24 13:34:00,134.4149932861328,134.4499969482422,134.29750061035156,134.32130432128906,23857.0,NKE
2021-06-24 13:35:00,134.33999633789062,134.48629760742188,134.30999755859375,134.39999389648438,19341.0,NKE
2021-06-24 13:36:00,134.41000366210938,134.47999572753906,134.375,134.47000122070312,28662.0,NKE
2021-06-24 13:37:00,134.47000122070312,134.50999450683594,134.21499633789062,134.2899932861328,55029.0,NKE
2021-06-24 13:38:00,134.2899932861328,134.33999633789062,134.25999450683594,134.33059692382812,43725.0,NKE
2021-06-24 13:39:00,134.3000030517578,134.40870666503906,134.17999267578125,134.40870666503906,26272.0,NKE
2021-06-24 13:40:00,134.42999267578125,134.6300048828125,134.4199981689453,134.61000061035156,24766.0,NKE
2021-06-24 13:41:00,134.61000061035156,134.75999450683594,134.58999633789062,134.69000244140625,30049.0,NKE
2021-06-24 13:42:00,134.71099853515625,134.7899932861328,134.6699981689453,134.72000122070312,25639.0,NKE
2021-06-24 13:43:00,134.67999267578125,134.81500244140625,134.64999389648438,134.8000030517578,27682.0,NKE
2021-06-24 13:44:00,134.8000030517578,134.80999755859375,134.63870239257812,134.67999267578125,25866.0,NKE
2021-06-24 13:45:00,134.6699981689453,134.75,134.5800018310547,134.63999938964844,31072.0,NKE
2021-06-24 13:46:00,134.6300048828125,134.6999969482422,134.61000061035156,134.64999389648438,24702.0,NKE
2021-06-24 13:47:00,134.5500030517578,134.63999938964844,134.50999450683594,134.63999938964844,14952.0,NKE
2021-06-24 13:48:00,134.64999389648438,134.69000244140625,134.55999755859375,134.55999755859375,71854.0,NKE
2021-06-24 13:49:00,134.5399932861328,134.5800018310547,134.52000427246094,134.57000732421875,13634.0,NKE
2021-06-24 13:50:00,134.5800018310547,134.67999267578125,134.5,134.50999450683594,21492.0,NKE
2021-06-24 13:51:00,134.52000427246094,134.52000427246094,134.4499969482422,134.49000549316406,12137.0,NKE
2021-06-24 13:52:00,134.5,134.5,134.44000244140625,134.46499633789062,15783.0,NKE
2021-06-24 13:53:00,134.4499969482422,134.57000732421875,134.4499969482422,134.47000122070312,35846.0,NKE
2021-06-24 13:54:00,134.46499633789062,134.46499633789062,134.36000061035156,134.4259033203125,27094.0,NKE
2021-06-24 13:55:00,134.4199981689453,134.5460968017578,134.35000610351562,134.37989807128906,23218.0,NKE
2021-06-24 13:56:00,134.35499572753906,134.3699951171875,134.05999755859375,134.17999267578125,32081.0,NKE
2021-06-24 13:57:00,134.1999969482422,134.28160095214844,134.18499755859375,134.24000549316406,20941.0,NKE
2021-06-24 13:58:00,134.24000549316406,134.24000549316406,134.11000061035156,134.1699981689453,20995.0,NKE
2021-06-24 13:59:00,134.17999267578125,134.22999572753906,134.0800018310547,134.0800018310547,12775.0,NKE
2021-06-24 14:00:00,134.08999633789062,134.2100067138672,134.08999633789062,134.2100067138672,20257.0,NKE
2021-06-24 14:01:00,134.24000549316406,134.25999450683594,134.03500366210938,134.13999938964844,30659.0,NKE
2021-06-24 14:02:00,134.19000244140625,134.19000244140625,134.1199951171875,134.1699981689453,11087.0,NKE
2021-06-24 14:03:00,134.17999267578125,134.25,134.07000732421875,134.14999389648438,19170.0,NKE
2021-06-24 14:04:00,134.14999389648438,134.17999267578125,134.0800018310547,134.17999267578125,19414.0,NKE
2021-06-24 14:05:00,134.16000366210938,134.16000366210938,134.0601043701172,134.09500122070312,11828.0,NKE
2021-06-24 14:06:00,134.11000061035156,134.1999969482422,134.02000427246094,134.02499389648438,17739.0,NKE
2021-06-24 14:07:00,134.0399932861328,134.10000610351562,134.0,134.07000732421875,22952.0,NKE
2021-06-24 14:08:00,134.05499267578125,134.05499267578125,133.9499969482422,133.9499969482422,10217.0,NKE
2021-06-24 14:09:00,133.9499969482422,133.9499969482422,133.89999389648438,133.9199981689453,13590.0,NKE
2021-06-24 14:10:00,133.9199981689453,133.9199981689453,133.6999969482422,133.72000122070312,27652.0,NKE
2021-06-24 14:11:00,133.71499633789062,133.77000427246094,133.6999969482422,133.71099853515625,24810.0,NKE
2021-06-24 14:12:00,133.71499633789062,133.8300018310547,133.71499633789062,133.75,16048.0,NKE
2021-06-24 14:13:00,133.75,133.83999633789062,133.72999572753906,133.82000732421875,14096.0,NKE
2021-06-24 14:14:00,133.82000732421875,133.82000732421875,133.77000427246094,133.7899932861328,9927.0,NKE
2021-06-24 14:15:00,133.7899932861328,133.86500549316406,133.7899932861328,133.86500549316406,13493.0,NKE
2021-06-24 14:16:00,133.8800048828125,133.89999389648438,133.8300018310547,133.89999389648438,11425.0,NKE
2021-06-24 14:17:00,133.89999389648438,134.0500030517578,133.8800048828125,133.96499633789062,21220.0,NKE
2021-06-24 14:18:00,133.9499969482422,134.03500366210938,133.9499969482422,134.02000427246094,14164.0,NKE
2021-06-24 14:19:00,134.00999450683594,134.05999755859375,133.97999572753906,134.03500366210938,35258.0,NKE
2021-06-24 14:20:00,134.02999877929688,134.0399932861328,133.97000122070312,134.0399932861328,47680.0,NKE
2021-06-24 14:21:00,134.02999877929688,134.02999877929688,133.97000122070312,134.0,15071.0,NKE
2021-06-24 14:22:00,133.97999572753906,133.97999572753906,133.93499755859375,133.97000122070312,9191.0,NKE
2021-06-24 14:23:00,133.9600067138672,134.02000427246094,133.89999389648438,134.02000427246094,19834.0,NKE
2021-06-24 14:24:00,134.02000427246094,134.02999877929688,133.97000122070312,133.97000122070312,30157.0,NKE
2021-06-24 14:25:00,133.9799041748047,134.0,133.9550018310547,133.97999572753906,12269.0,NKE
2021-06-24 14:26:00,133.98899841308594,133.99000549316406,133.8800048828125,133.8800048828125,8502.0,NKE
2021-06-24 14:27:00,133.8800048828125,133.88999938964844,133.80999755859375,133.875,18592.0,NKE
2021-06-24 14:28:00,133.89999389648438,133.94000244140625,133.84500122070312,133.86000061035156,9816.0,NKE
2021-06-24 14:29:00,133.8699951171875,134.0,133.8699951171875,133.97000122070312,10239.0,NKE
2021-06-24 14:30:00,133.97000122070312,134.02999877929688,133.9499969482422,134.0207977294922,20990.0,NKE
2021-06-24 14:31:00,134.02999877929688,134.0800018310547,133.92999267578125,133.96499633789062,11808.0,NKE
2021-06-24 14:32:00,133.97000122070312,134.0050048828125,133.93499755859375,133.9499969482422,18744.0,NKE
2021-06-24 14:33:00,133.9550018310547,133.98500061035156,133.88499450683594,133.89999389648438,15630.0,NKE
2021-06-24 14:34:00,133.89999389648438,134.00999450683594,133.89779663085938,133.93499755859375,27214.0,NKE
2021-06-24 14:35:00,133.9199981689453,133.94000244140625,133.89999389648438,133.89999389648438,11826.0,NKE
2021-06-24 14:36:00,133.89999389648438,133.89999389648438,133.8699951171875,133.8800048828125,14647.0,NKE
2021-06-24 14:37:00,133.88999938964844,133.88999938964844,133.7449951171875,133.76499938964844,33490.0,NKE
2021-06-24 14:38:00,133.76499938964844,133.77000427246094,133.6999969482422,133.75999450683594,21685.0,NKE
2021-06-24 14:39:00,133.75999450683594,133.77999877929688,133.7100067138672,133.7100067138672,8611.0,NKE
2021-06-24 14:40:00,133.7100067138672,133.72999572753906,133.69000244140625,133.7050018310547,21983.0,NKE
2021-06-24 14:41:00,133.7050018310547,133.8300018310547,133.6999969482422,133.8300018310547,12428.0,NKE
2021-06-24 14:42:00,133.80999755859375,133.80999755859375,133.66000366210938,133.7100067138672,35500.0,NKE
2021-06-24 14:43:00,133.6999969482422,133.74000549316406,133.6649932861328,133.7050018310547,14399.0,NKE
2021-06-24 14:44:00,133.72000122070312,133.77999877929688,133.69000244140625,133.77999877929688,11026.0,NKE
2021-06-24 14:45:00,133.77000427246094,133.7899932861328,133.72000122070312,133.78500366210938,12125.0,NKE
2021-06-24 14:46:00,133.78500366210938,133.7899932861328,133.72000122070312,133.75,14597.0,NKE
2021-06-24 14:47:00,133.77000427246094,133.7899932861328,133.68499755859375,133.72999572753906,13092.0,NKE
2021-06-24 14:48:00,133.72999572753906,133.77000427246094,133.7100067138672,133.77000427246094,9292.0,NKE
2021-06-24 14:49:00,133.7899932861328,133.81500244140625,133.7342071533203,133.81500244140625,9435.0,NKE
2021-06-24 14:50:00,133.82000732421875,133.85670471191406,133.8000030517578,133.8300018310547,13152.0,NKE
2021-06-24 14:51:00,133.82000732421875,133.8300018310547,133.77999877929688,133.7899932861328,7493.0,NKE
2021-06-24 14:52:00,133.7899932861328,133.8498992919922,133.77499389648438,133.83999633789062,12778.0,NKE
2021-06-24 14:53:00,133.8350067138672,133.94000244140625,133.8350067138672,133.85000610351562,18424.0,NKE
2021-06-24 14:54:00,133.8300018310547,133.8300018310547,133.69000244140625,133.69000244140625,18059.0,NKE
2021-06-24 14:55:00,133.6699981689453,133.7628936767578,133.64999389648438,133.7100067138672,16906.0,NKE
2021-06-24 14:56:00,133.7100067138672,133.72999572753906,133.6649932861328,133.6649932861328,6384.0,NKE
2021-06-24 14:57:00,133.6580047607422,133.6699981689453,133.63499450683594,133.6649932861328,9716.0,NKE
2021-06-24 14:58:00,133.66000366210938,133.66000366210938,133.55679321289062,133.57000732421875,14501.0,NKE
2021-06-24 14:59:00,133.57809448242188,133.57809448242188,133.43499755859375,133.5,20002.0,NKE
2021-06-24 15:00:00,133.5,133.5709991455078,133.5,133.5399932861328,9374.0,NKE
2021-06-24 15:01:00,133.5399932861328,133.63499450683594,133.5399932861328,133.63499450683594,8921.0,NKE
2021-06-24 15:02:00,133.63499450683594,133.7050018310547,133.6300048828125,133.6999969482422,20971.0,NKE
2021-06-24 15:03:00,133.6999969482422,133.74000549316406,133.6199951171875,133.6199951171875,28407.0,NKE
2021-06-24 15:04:00,133.6199951171875,133.66000366210938,133.53500366210938,133.55999755859375,20333.0,NKE
2021-06-24 15:05:00,133.5500030517578,133.58999633789062,133.4149932861328,133.4199981689453,26038.0,NKE
2021-06-24 15:06:00,133.42999267578125,133.46499633789062,133.4199981689453,133.46499633789062,14810.0,NKE
2021-06-24 15:07:00,133.47000122070312,133.5074005126953,133.4199981689453,133.42999267578125,17392.0,NKE
2021-06-24 15:08:00,133.44000244140625,133.50999450683594,133.44000244140625,133.50999450683594,14390.0,NKE
2021-06-24 15:09:00,133.50999450683594,133.60000610351562,133.5,133.57000732421875,13756.0,NKE
2021-06-24 15:10:00,133.57000732421875,133.57000732421875,133.47999572753906,133.5,22369.0,NKE
2021-06-24 15:11:00,133.47500610351562,133.52999877929688,133.44000244140625,133.47999572753906,22400.0,NKE
2021-06-24 15:12:00,133.48599243164062,133.5128936767578,133.47500610351562,133.4949951171875,8671.0,NKE
2021-06-24 15:13:00,133.4949951171875,133.5500030517578,133.49000549316406,133.5050048828125,14558.0,NKE
2021-06-24 15:14:00,133.5,133.5399932861328,133.5,133.52439880371094,10460.0,NKE
2021-06-24 15:15:00,133.52999877929688,133.52999877929688,133.3800048828125,133.38499450683594,18810.0,NKE
2021-06-24 15:16:00,133.38499450683594,133.38499450683594,133.28280639648438,133.28500366210938,23372.0,NKE
2021-06-24 15:17:00,133.27499389648438,133.2899932861328,133.0850067138672,133.09500122070312,43248.0,NKE
2021-06-24 15:18:00,133.10000610351562,133.1999969482422,133.10000610351562,133.1649932861328,26246.0,NKE
2021-06-24 15:19:00,133.19500732421875,133.19500732421875,133.0800018310547,133.17999267578125,34272.0,NKE
2021-06-24 15:20:00,133.19000244140625,133.19000244140625,133.0449981689453,133.06500244140625,9451.0,NKE
2021-06-24 15:21:00,133.04910278320312,133.10000610351562,133.0399932861328,133.10000610351562,13191.0,NKE
2021-06-24 15:22:00,133.0800018310547,133.09500122070312,133.07000732421875,133.07899475097656,9292.0,NKE
2021-06-24 15:23:00,133.0800018310547,133.0800018310547,133.02999877929688,133.02999877929688,12049.0,NKE
2021-06-24 15:24:00,133.0399932861328,133.16000366210938,133.0399932861328,133.10000610351562,16200.0,NKE
2021-06-24 15:25:00,133.10000610351562,133.13999938964844,133.02999877929688,133.02999877929688,14533.0,NKE
2021-06-24 15:26:00,133.05499267578125,133.05499267578125,132.89999389648438,133.0399932861328,34913.0,NKE
2021-06-24 15:27:00,133.0500030517578,133.22999572753906,133.02999877929688,133.1699981689453,45729.0,NKE
2021-06-24 15:28:00,133.14999389648438,133.1999969482422,133.1300048828125,133.17999267578125,12356.0,NKE
2021-06-24 15:29:00,133.19000244140625,133.31260681152344,133.19000244140625,133.31260681152344,15354.0,NKE
2021-06-24 15:30:00,133.32000732421875,133.375,133.30999755859375,133.33999633789062,11146.0,NKE
2021-06-24 15:31:00,133.36000061035156,133.47000122070312,133.27999877929688,133.47000122070312,17023.0,NKE
2021-06-24 15:32:00,133.5,133.5050048828125,133.30999755859375,133.37890625,13957.0,NKE
2021-06-24 15:33:00,133.3800048828125,133.4499969482422,133.3300018310547,133.42999267578125,15820.0,NKE
2021-06-24 15:34:00,133.42999267578125,133.5399932861328,133.42999267578125,133.5399932861328,24037.0,NKE
2021-06-24 15:35:00,133.5399932861328,133.5399932861328,133.39010620117188,133.42999267578125,11277.0,NKE
2021-06-24 15:36:00,133.4199981689453,133.42999267578125,133.35000610351562,133.36000061035156,10186.0,NKE
2021-06-24 15:37:00,133.33999633789062,133.35000610351562,133.24000549316406,133.25999450683594,12075.0,NKE
2021-06-24 15:38:00,133.25450134277344,133.27000427246094,133.17999267578125,133.19000244140625,13199.0,NKE
2021-06-24 15:39:00,133.2050018310547,133.2100067138672,133.13499450683594,133.1750030517578,11457.0,NKE
2021-06-24 15:40:00,133.17999267578125,133.2198944091797,133.1186065673828,133.125,14186.0,NKE
2021-06-24 15:41:00,133.11000061035156,133.1199951171875,133.0800018310547,133.1199951171875,8666.0,NKE
2021-06-24 15:42:00,133.13999938964844,133.15609741210938,133.11000061035156,133.125,10613.0,NKE
2021-06-24 15:43:00,133.11000061035156,133.1300048828125,133.0500030517578,133.12989807128906,15602.0,NKE
2021-06-24 15:44:00,133.1300048828125,133.22999572753906,133.1300048828125,133.2100067138672,12323.0,NKE
2021-06-24 15:45:00,133.21580505371094,133.21580505371094,133.10000610351562,133.1300048828125,9224.0,NKE
2021-06-24 15:46:00,133.13999938964844,133.16000366210938,133.125,133.12710571289062,6491.0,NKE
2021-06-24 15:47:00,133.13999938964844,133.14990234375,133.07000732421875,133.14990234375,14206.0,NKE
2021-06-24 15:48:00,133.125,133.16000366210938,133.09500122070312,133.16000366210938,9432.0,NKE
2021-06-24 15:49:00,133.14999389648438,133.19000244140625,133.13999938964844,133.1875,18924.0,NKE
2021-06-24 15:50:00,133.17999267578125,133.2100067138672,133.1750030517578,133.2100067138672,10070.0,NKE
2021-06-24 15:51:00,133.1999969482422,133.2100067138672,133.18499755859375,133.1999969482422,10726.0,NKE
2021-06-24 15:52:00,133.1999969482422,133.25,133.1999969482422,133.24000549316406,14911.0,NKE
2021-06-24 15:53:00,133.22999572753906,133.25999450683594,133.17999267578125,133.17999267578125,10926.0,NKE
2021-06-24 15:54:00,133.1649932861328,133.3300018310547,133.1649932861328,133.3300018310547,12263.0,NKE
2021-06-24 15:55:00,133.3300018310547,133.3300018310547,133.25999450683594,133.32000732421875,16423.0,NKE
2021-06-24 15:56:00,133.30999755859375,133.30999755859375,133.24000549316406,133.2550048828125,5118.0,NKE
2021-06-24 15:57:00,133.24000549316406,133.25999450683594,133.2100067138672,133.22999572753906,6812.0,NKE
2021-06-24 15:58:00,133.22999572753906,133.22999572753906,133.17999267578125,133.19000244140625,4498.0,NKE
2021-06-24 15:59:00,133.19000244140625,133.19000244140625,133.1199951171875,133.1300048828125,4421.0,NKE
2021-06-24 16:00:00,133.125,133.1699981689453,133.1082000732422,133.10989379882812,15139.0,NKE
2021-06-24 16:01:00,133.13499450683594,133.16000366210938,133.13499450683594,133.14999389648438,4482.0,NKE
2021-06-24 16:02:00,133.13999938964844,133.13999938964844,133.0800018310547,133.11000061035156,5134.0,NKE
2021-06-24 16:03:00,133.11000061035156,133.13999938964844,133.10000610351562,133.13999938964844,8492.0,NKE
2021-06-24 16:04:00,133.139892578125,133.17999267578125,133.139892578125,133.17999267578125,5237.0,NKE
2021-06-24 16:05:00,133.17999267578125,133.19000244140625,133.15499877929688,133.16000366210938,8080.0,NKE
2021-06-24 16:06:00,133.1699981689453,133.19000244140625,133.15199279785156,133.16000366210938,13386.0,NKE
2021-06-24 16:07:00,133.16000366210938,133.2100067138672,133.16000366210938,133.2050018310547,7853.0,NKE
2021-06-24 16:08:00,133.22000122070312,133.22999572753906,133.1999969482422,133.22500610351562,17018.0,NKE
2021-06-24 16:09:00,133.2100067138672,133.21499633789062,133.19000244140625,133.1999969482422,6040.0,NKE
2021-06-24 16:10:00,133.19000244140625,133.2100067138672,133.1125030517578,133.1125030517578,5968.0,NKE
2021-06-24 16:11:00,133.11000061035156,133.13999938964844,133.11000061035156,133.1300048828125,5196.0,NKE
2021-06-24 16:12:00,133.13999938964844,133.13999938964844,133.11000061035156,133.11000061035156,3700.0,NKE
2021-06-24 16:13:00,133.11000061035156,133.17999267578125,133.11000061035156,133.1699981689453,9569.0,NKE
2021-06-24 16:14:00,133.16000366210938,133.16209411621094,133.08999633789062,133.16090393066406,6135.0,NKE
2021-06-24 16:15:00,133.16000366210938,133.1699981689453,133.13780212402344,133.14999389648438,6435.0,NKE
2021-06-24 16:16:00,133.1269073486328,133.1699981689453,133.1269073486328,133.13999938964844,6395.0,NKE
2021-06-24 16:17:00,133.13999938964844,133.1699981689453,133.13499450683594,133.16000366210938,4027.0,NKE
2021-06-24 16:18:00,133.1699981689453,133.24000549316406,133.16000366210938,133.24000549316406,6311.0,NKE
2021-06-24 16:19:00,133.2274932861328,133.25999450683594,133.22000122070312,133.25,7711.0,NKE
2021-06-24 16:20:00,133.25999450683594,133.27999877929688,133.25,133.26499938964844,11001.0,NKE
2021-06-24 16:21:00,133.27000427246094,133.35000610351562,133.27000427246094,133.30999755859375,17152.0,NKE
2021-06-24 16:22:00,133.30499267578125,133.30499267578125,133.24000549316406,133.24000549316406,7467.0,NKE
2021-06-24 16:23:00,133.24000549316406,133.25999450683594,133.22999572753906,133.2550048828125,8884.0,NKE
2021-06-24 16:24:00,133.27000427246094,133.33999633789062,133.25999450683594,133.31019592285156,25902.0,NKE
2021-06-24 16:25:00,133.32000732421875,133.3300018310547,133.30999755859375,133.30999755859375,8944.0,NKE
2021-06-24 16:26:00,133.30099487304688,133.3300018310547,133.3000030517578,133.3000030517578,6252.0,NKE
2021-06-24 16:27:00,133.2899932861328,133.31399536132812,133.27999877929688,133.31399536132812,4611.0,NKE
2021-06-24 16:28:00,133.32000732421875,133.3300018310547,133.2899932861328,133.2899932861328,7229.0,NKE
2021-06-24 16:29:00,133.2899932861328,133.3000030517578,133.27999877929688,133.3000030517578,31956.0,NKE
2021-06-24 16:30:00,133.3000030517578,133.42340087890625,133.2949981689453,133.4199981689453,12638.0,NKE
2021-06-24 16:31:00,133.42999267578125,133.42999267578125,133.3350067138672,133.3350067138672,15001.0,NKE
2021-06-24 16:32:00,133.3300018310547,133.35000610351562,133.30999755859375,133.35000610351562,5778.0,NKE
2021-06-24 16:33:00,133.35000610351562,133.35659790039062,133.3249969482422,133.3300018310547,6567.0,NKE
2021-06-24 16:34:00,133.33999633789062,133.39999389648438,133.33999633789062,133.39500427246094,4454.0,NKE
2021-06-24 16:35:00,133.4011993408203,133.40660095214844,133.38999938964844,133.40660095214844,8057.0,NKE
2021-06-24 16:36:00,133.39999389648438,133.49000549316406,133.39999389648438,133.49000549316406,6371.0,NKE
2021-06-24 16:37:00,133.49000549316406,133.5,133.4698944091797,133.4698944091797,9303.0,NKE
2021-06-24 16:38:00,133.4600067138672,133.5,133.39999389648438,133.5,11796.0,NKE
2021-06-24 16:39:00,133.49000549316406,133.5850067138672,133.49000549316406,133.57620239257812,8535.0,NKE
2021-06-24 16:40:00,133.55999755859375,133.64999389648438,133.5449981689453,133.64500427246094,15945.0,NKE
2021-06-24 16:41:00,133.64500427246094,133.64500427246094,133.4967041015625,133.5,23340.0,NKE
2021-06-24 16:42:00,133.5,133.5469970703125,133.4636993408203,133.4949951171875,22050.0,NKE
2021-06-24 16:43:00,133.49000549316406,133.49000549316406,133.39999389648438,133.46499633789062,18117.0,NKE
2021-06-24 16:44:00,133.47000122070312,133.4949951171875,133.4600067138672,133.49000549316406,5554.0,NKE
2021-06-24 16:45:00,133.49000549316406,133.5399932861328,133.47999572753906,133.5,8721.0,NKE
2021-06-24 16:46:00,133.47999572753906,133.5,133.41000366210938,133.4199981689453,6018.0,NKE
2021-06-24 16:47:00,133.41099548339844,133.4499969482422,133.33999633789062,133.4499969482422,16694.0,NKE
2021-06-24 16:48:00,133.4600067138672,133.47500610351562,133.4499969482422,133.47500610351562,6264.0,NKE
2021-06-24 16:49:00,133.47999572753906,133.49000549316406,133.44900512695312,133.4499969482422,5243.0,NKE
2021-06-24 16:50:00,133.44000244140625,133.44000244140625,133.36000061035156,133.3800048828125,4536.0,NKE
2021-06-24 16:51:00,133.3800048828125,133.41000366210938,133.3800048828125,133.39999389648438,5135.0,NKE
2021-06-24 16:52:00,133.39999389648438,133.39999389648438,133.360107421875,133.3699951171875,3734.0,NKE
2021-06-24 16:53:00,133.3699951171875,133.4199981689453,133.3699951171875,133.39999389648438,7267.0,NKE
2021-06-24 16:54:00,133.39999389648438,133.4600067138672,133.38999938964844,133.4499969482422,17147.0,NKE
2021-06-24 16:55:00,133.44500732421875,133.4600067138672,133.42999267578125,133.44180297851562,11996.0,NKE
2021-06-24 16:56:00,133.44000244140625,133.47999572753906,133.41009521484375,133.4199981689453,10653.0,NKE
2021-06-24 16:57:00,133.4250030517578,133.44500732421875,133.3699951171875,133.38999938964844,9259.0,NKE
2021-06-24 16:58:00,133.38600158691406,133.4199981689453,133.3800048828125,133.4199981689453,10219.0,NKE
2021-06-24 16:59:00,133.41000366210938,133.52999877929688,133.41000366210938,133.52000427246094,17668.0,NKE
2021-06-24 17:00:00,133.50999450683594,133.5198974609375,133.4949951171875,133.51980590820312,10211.0,NKE
2021-06-24 17:01:00,133.50999450683594,133.58999633789062,133.50379943847656,133.57000732421875,10081.0,NKE
2021-06-24 17:02:00,133.55999755859375,133.5800018310547,133.52499389648438,133.5323944091797,5504.0,NKE
2021-06-24 17:03:00,133.52999877929688,133.5449981689453,133.52000427246094,133.53500366210938,4626.0,NKE
2021-06-24 17:04:00,133.53500366210938,133.55999755859375,133.52000427246094,133.5238037109375,9738.0,NKE
2021-06-24 17:05:00,133.52499389648438,133.5399932861328,133.50999450683594,133.50999450683594,19521.0,NKE
2021-06-24 17:06:00,133.5,133.56610107421875,133.5,133.56610107421875,5677.0,NKE
2021-06-24 17:07:00,133.55999755859375,133.57000732421875,133.52999877929688,133.5449981689453,13785.0,NKE
2021-06-24 17:08:00,133.5500030517578,133.5749969482422,133.5500030517578,133.5749969482422,6774.0,NKE
2021-06-24 17:09:00,133.5749969482422,133.6199951171875,133.5749969482422,133.60000610351562,13486.0,NKE
2021-06-24 17:10:00,133.61000061035156,133.66000366210938,133.59500122070312,133.6199951171875,21348.0,NKE
2021-06-24 17:11:00,133.625,133.70140075683594,133.61000061035156,133.6938934326172,6775.0,NKE
2021-06-24 17:12:00,133.72000122070312,133.72000122070312,133.67999267578125,133.7100067138672,9188.0,NKE
2021-06-24 17:13:00,133.72000122070312,133.7550048828125,133.6999969482422,133.7449951171875,5324.0,NKE
2021-06-24 17:14:00,133.7449951171875,133.7449951171875,133.72000122070312,133.72999572753906,6756.0,NKE
2021-06-24 17:15:00,133.7270050048828,133.7498016357422,133.72000122070312,133.73500061035156,32627.0,NKE
2021-06-24 17:16:00,133.73989868164062,133.7899932861328,133.7050018310547,133.7100067138672,17845.0,NKE
2021-06-24 17:17:00,133.7100067138672,133.7100067138672,133.64999389648438,133.64999389648438,12327.0,NKE
2021-06-24 17:18:00,133.64999389648438,133.65499877929688,133.64999389648438,133.64999389648438,14485.0,NKE
2021-06-24 17:19:00,133.64999389648438,133.66000366210938,133.5399932861328,133.57000732421875,40089.0,NKE
2021-06-24 17:20:00,133.55999755859375,133.5800018310547,133.52999877929688,133.5800018310547,21346.0,NKE
2021-06-24 17:21:00,133.5915069580078,133.61500549316406,133.5800018310547,133.5802001953125,3295.0,NKE
2021-06-24 17:22:00,133.58999633789062,133.6199951171875,133.58999633789062,133.6199951171875,4747.0,NKE
2021-06-24 17:23:00,133.60000610351562,133.6300048828125,133.59500122070312,133.6199951171875,6861.0,NKE
2021-06-24 17:24:00,133.6199951171875,133.6699981689453,133.61000061035156,133.6699981689453,7170.0,NKE
2021-06-24 17:25:00,133.66000366210938,133.67999267578125,133.61000061035156,133.61940002441406,6982.0,NKE
2021-06-24 17:26:00,133.60000610351562,133.60000610351562,133.5449981689453,133.5500030517578,6627.0,NKE
2021-06-24 17:27:00,133.52000427246094,133.5399932861328,133.47999572753906,133.49000549316406,4372.0,NKE
2021-06-24 17:28:00,133.5,133.50999450683594,133.48500061035156,133.5,8466.0,NKE
2021-06-24 17:29:00,133.50999450683594,133.5399932861328,133.5,133.5399932861328,5476.0,NKE
2021-06-24 17:30:00,133.54620361328125,133.54620361328125,133.50999450683594,133.50999450683594,4326.0,NKE
2021-06-24 17:31:00,133.50999450683594,133.52999877929688,133.5,133.52999877929688,7547.0,NKE
2021-06-24 17:32:00,133.52999877929688,133.5399932861328,133.52999877929688,133.52999877929688,2095.0,NKE
2021-06-24 17:33:00,133.52999877929688,133.52999877929688,133.4499969482422,133.4600067138672,9224.0,NKE
2021-06-24 17:34:00,133.4499969482422,133.4600067138672,133.41000366210938,133.4499969482422,11050.0,NKE
2021-06-24 17:35:00,133.44000244140625,133.44000244140625,133.4199981689453,133.44000244140625,2350.0,NKE
2021-06-24 17:36:00,133.42999267578125,133.42999267578125,133.375,133.3780975341797,8781.0,NKE
2021-06-24 17:37:00,133.3800048828125,133.4499969482422,133.3800048828125,133.4499969482422,6710.0,NKE
2021-06-24 17:38:00,133.44000244140625,133.4600067138672,133.44000244140625,133.4499969482422,4840.0,NKE
2021-06-24 17:39:00,133.44500732421875,133.47999572753906,133.42999267578125,133.44500732421875,6730.0,NKE
2021-06-24 17:40:00,133.44500732421875,133.47000122070312,133.44500732421875,133.4550018310547,10015.0,NKE
2021-06-24 17:41:00,133.45750427246094,133.4600067138672,133.36000061035156,133.36000061035156,22649.0,NKE
2021-06-24 17:42:00,133.36000061035156,133.44000244140625,133.33999633789062,133.44000244140625,23596.0,NKE
2021-06-24 17:43:00,133.44000244140625,133.44000244140625,133.39999389648438,133.4199981689453,4871.0,NKE
2021-06-24 17:44:00,133.42999267578125,133.42999267578125,133.35000610351562,133.35989379882812,4967.0,NKE
2021-06-24 17:45:00,133.35389709472656,133.36000061035156,133.30999755859375,133.32769775390625,11176.0,NKE
2021-06-24 17:46:00,133.3300018310547,133.36900329589844,133.3300018310547,133.36000061035156,3579.0,NKE
2021-06-24 17:47:00,133.36000061035156,133.36000061035156,133.33999633789062,133.35000610351562,2285.0,NKE
2021-06-24 17:48:00,133.35000610351562,133.3699951171875,133.30999755859375,133.30999755859375,6633.0,NKE
2021-06-24 17:49:00,133.30999755859375,133.30999755859375,133.27999877929688,133.3000030517578,8822.0,NKE
2021-06-24 17:50:00,133.32000732421875,133.3300018310547,133.27000427246094,133.27999877929688,6504.0,NKE
2021-06-24 17:51:00,133.3000030517578,133.3300018310547,133.27999877929688,133.2899932861328,5286.0,NKE
2021-06-24 17:52:00,133.30999755859375,133.33999633789062,133.3000030517578,133.3300018310547,5136.0,NKE
2021-06-24 17:53:00,133.3350067138672,133.37750244140625,133.3350067138672,133.37179565429688,5656.0,NKE
2021-06-24 17:54:00,133.3800048828125,133.38999938964844,133.36000061035156,133.36000061035156,3988.0,NKE
2021-06-24 17:55:00,133.36099243164062,133.3800048828125,133.30999755859375,133.32749938964844,10382.0,NKE
2021-06-24 17:56:00,133.32000732421875,133.36000061035156,133.32000732421875,133.35800170898438,10134.0,NKE
2021-06-24 17:57:00,133.35499572753906,133.3800048828125,133.33999633789062,133.33999633789062,11495.0,NKE
2021-06-24 17:58:00,133.3300018310547,133.36000061035156,133.3300018310547,133.3350067138672,15700.0,NKE
2021-06-24 17:59:00,133.3350067138672,133.39999389648438,133.3300018310547,133.38999938964844,15613.0,NKE
2021-06-24 18:00:00,133.3800048828125,133.39999389648438,133.3699951171875,133.39999389648438,10439.0,NKE
2021-06-24 18:01:00,133.38999938964844,133.38999938964844,133.3300018310547,133.3300018310547,5325.0,NKE
2021-06-24 18:02:00,133.32000732421875,133.33999633789062,133.27999877929688,133.32000732421875,9879.0,NKE
2021-06-24 18:03:00,133.32000732421875,133.35000610351562,133.31500244140625,133.32000732421875,9442.0,NKE
2021-06-24 18:04:00,133.3300018310547,133.35060119628906,133.32000732421875,133.35060119628906,6522.0,NKE
2021-06-24 18:05:00,133.36000061035156,133.38999938964844,133.36000061035156,133.3800048828125,8127.0,NKE
2021-06-24 18:06:00,133.3800048828125,133.41000366210938,133.3800048828125,133.3800048828125,4689.0,NKE
2021-06-24 18:07:00,133.38499450683594,133.39999389648438,133.3437957763672,133.34500122070312,8872.0,NKE
2021-06-24 18:08:00,133.33999633789062,133.36000061035156,133.3350067138672,133.3350067138672,11232.0,NKE
2021-06-24 18:09:00,133.33999633789062,133.36000061035156,133.3350067138672,133.34500122070312,5947.0,NKE
2021-06-24 18:10:00,133.34500122070312,133.35499572753906,133.3300018310547,133.35000610351562,8202.0,NKE
2021-06-24 18:11:00,133.34010314941406,133.39999389648438,133.34010314941406,133.38999938964844,8507.0,NKE
2021-06-24 18:12:00,133.39999389648438,133.39999389648438,133.375,133.38999938964844,3325.0,NKE
2021-06-24 18:13:00,133.39999389648438,133.39999389648438,133.3000030517578,133.31399536132812,6740.0,NKE
2021-06-24 18:14:00,133.3000030517578,133.31790161132812,133.2899932861328,133.31790161132812,13541.0,NKE
2021-06-24 18:15:00,133.31500244140625,133.31619262695312,133.2899932861328,133.2949981689453,4733.0,NKE
2021-06-24 18:16:00,133.2949981689453,133.3300018310547,133.27999877929688,133.3300018310547,6638.0,NKE
2021-06-24 18:17:00,133.3350067138672,133.36000061035156,133.3350067138672,133.35000610351562,9296.0,NKE
2021-06-24 18:18:00,133.35000610351562,133.36000061035156,133.35000610351562,133.36000061035156,2895.0,NKE
2021-06-24 18:19:00,133.375,133.375,133.30999755859375,133.3300018310547,6691.0,NKE
2021-06-24 18:20:00,133.3249969482422,133.35000610351562,133.3249969482422,133.34500122070312,9516.0,NKE
2021-06-24 18:21:00,133.35000610351562,133.44000244140625,133.35000610351562,133.42999267578125,9258.0,NKE
2021-06-24 18:22:00,133.42999267578125,133.4600067138672,133.39999389648438,133.44000244140625,14736.0,NKE
2021-06-24 18:23:00,133.4199981689453,133.44500732421875,133.38999938964844,133.42999267578125,6512.0,NKE
2021-06-24 18:24:00,133.44000244140625,133.4600067138672,133.43499755859375,133.4499969482422,7545.0,NKE
2021-06-24 18:25:00,133.4499969482422,133.4499969482422,133.4199981689453,133.42999267578125,4957.0,NKE
2021-06-24 18:26:00,133.42999267578125,133.4499969482422,133.38999938964844,133.44000244140625,9108.0,NKE
2021-06-24 18:27:00,133.43789672851562,133.4499969482422,133.4333038330078,133.4344940185547,5626.0,NKE
2021-06-24 18:28:00,133.4499053955078,133.4600067138672,133.44000244140625,133.4600067138672,5264.0,NKE
2021-06-24 18:29:00,133.4600067138672,133.47000122070312,133.44000244140625,133.47000122070312,10757.0,NKE
2021-06-24 18:30:00,133.47000122070312,133.47500610351562,133.42999267578125,133.42999267578125,8983.0,NKE
2021-06-24 18:31:00,133.4149932861328,133.44000244140625,133.39999389648438,133.44000244140625,8148.0,NKE
2021-06-24 18:32:00,133.44000244140625,133.5800018310547,133.44000244140625,133.57000732421875,29192.0,NKE
2021-06-24 18:33:00,133.57000732421875,133.60000610351562,133.5,133.52000427246094,9248.0,NKE
2021-06-24 18:34:00,133.52000427246094,133.52000427246094,133.5,133.52000427246094,7169.0,NKE
2021-06-24 18:35:00,133.50999450683594,133.55499267578125,133.5,133.53990173339844,7795.0,NKE
2021-06-24 18:36:00,133.52000427246094,133.52000427246094,133.47000122070312,133.47999572753906,4738.0,NKE
2021-06-24 18:37:00,133.48500061035156,133.49000549316406,133.47000122070312,133.47000122070312,6225.0,NKE
2021-06-24 18:38:00,133.47979736328125,133.5,133.4199981689453,133.49000549316406,13068.0,NKE
2021-06-24 18:39:00,133.5399932861328,133.5399932861328,133.47999572753906,133.50999450683594,12141.0,NKE
2021-06-24 18:40:00,133.5399932861328,133.5399932861328,133.4499969482422,133.49000549316406,9281.0,NKE
2021-06-24 18:41:00,133.4499969482422,133.47000122070312,133.42999267578125,133.44000244140625,7943.0,NKE
2021-06-24 18:42:00,133.44000244140625,133.4600067138672,133.42999267578125,133.43499755859375,4055.0,NKE
2021-06-24 18:43:00,133.43499755859375,133.47000122070312,133.42999267578125,133.42999267578125,3442.0,NKE
2021-06-24 18:44:00,133.42999267578125,133.52000427246094,133.42999267578125,133.52000427246094,73983.0,NKE
2021-06-24 18:45:00,133.50999450683594,133.5500030517578,133.5,133.54580688476562,5998.0,NKE
2021-06-24 18:46:00,133.5500030517578,133.69000244140625,133.5500030517578,133.67999267578125,14123.0,NKE
2021-06-24 18:47:00,133.6699981689453,133.67999267578125,133.5800018310547,133.5800018310547,12074.0,NKE
2021-06-24 18:48:00,133.58999633789062,133.61000061035156,133.5449981689453,133.55499267578125,7465.0,NKE
2021-06-24 18:49:00,133.55999755859375,133.67999267578125,133.5500030517578,133.63999938964844,24376.0,NKE
2021-06-24 18:50:00,133.63999938964844,133.64999389648438,133.55999755859375,133.57000732421875,9028.0,NKE
2021-06-24 18:51:00,133.57000732421875,133.60000610351562,133.57000732421875,133.59500122070312,7841.0,NKE
2021-06-24 18:52:00,133.58999633789062,133.64999389648438,133.55999755859375,133.63999938964844,8772.0,NKE
2021-06-24 18:53:00,133.63999938964844,133.64999389648438,133.6300048828125,133.6300048828125,11182.0,NKE
2021-06-24 18:54:00,133.6300048828125,133.64999389648438,133.6199951171875,133.64990234375,12713.0,NKE
2021-06-24 18:55:00,133.64599609375,133.64999389648438,133.6300048828125,133.63499450683594,5444.0,NKE
2021-06-24 18:56:00,133.64999389648438,133.6634979248047,133.6199951171875,133.63499450683594,11929.0,NKE
2021-06-24 18:57:00,133.6300048828125,133.63999938964844,133.61000061035156,133.63499450683594,9174.0,NKE
2021-06-24 18:58:00,133.63999938964844,133.6613006591797,133.6199951171875,133.63980102539062,11193.0,NKE
2021-06-24 18:59:00,133.63999938964844,133.63999938964844,133.58999633789062,133.59500122070312,10741.0,NKE
2021-06-24 19:00:00,133.59500122070312,133.64999389648438,133.59280395507812,133.63299560546875,16013.0,NKE
2021-06-24 19:01:00,133.63499450683594,133.66000366210938,133.63499450683594,133.65130615234375,20269.0,NKE
2021-06-24 19:02:00,133.65499877929688,133.6999969482422,133.65499877929688,133.69500732421875,30332.0,NKE
2021-06-24 19:03:00,133.69500732421875,133.6999969482422,133.67999267578125,133.69180297851562,19584.0,NKE
2021-06-24 19:04:00,133.69000244140625,133.75,133.69000244140625,133.75,20849.0,NKE
2021-06-24 19:05:00,133.72999572753906,133.75999450683594,133.69000244140625,133.69000244140625,20560.0,NKE
2021-06-24 19:06:00,133.69000244140625,133.6999969482422,133.66000366210938,133.69000244140625,12769.0,NKE
2021-06-24 19:07:00,133.69500732421875,133.7100067138672,133.6699981689453,133.69000244140625,14157.0,NKE
2021-06-24 19:08:00,133.69000244140625,133.6999969482422,133.64999389648438,133.6699981689453,20565.0,NKE
2021-06-24 19:09:00,133.6699981689453,133.67999267578125,133.5749969482422,133.58999633789062,17511.0,NKE
2021-06-24 19:10:00,133.58999633789062,133.67999267578125,133.5500030517578,133.67999267578125,18340.0,NKE
2021-06-24 19:11:00,133.68499755859375,133.7100067138672,133.6699981689453,133.67999267578125,6506.0,NKE
2021-06-24 19:12:00,133.6699981689453,133.68629455566406,133.6699981689453,133.68209838867188,8679.0,NKE
2021-06-24 19:13:00,133.69000244140625,133.72999572753906,133.6699981689453,133.6699981689453,14341.0,NKE
2021-06-24 19:14:00,133.66000366210938,133.6999969482422,133.63999938964844,133.66000366210938,11901.0,NKE
2021-06-24 19:15:00,133.65499877929688,133.66000366210938,133.61000061035156,133.61000061035156,9877.0,NKE
2021-06-24 19:16:00,133.6199951171875,133.6199951171875,133.58999633789062,133.60000610351562,0.0,NKE
2021-06-24 19:17:00,133.61000061035156,133.6300048828125,133.59010314941406,133.6199951171875,7348.0,NKE
2021-06-24 19:18:00,133.6199951171875,133.62510681152344,133.56100463867188,133.5800018310547,16226.0,NKE
2021-06-24 19:19:00,133.58120727539062,133.60000610351562,133.57000732421875,133.58999633789062,22610.0,NKE
2021-06-24 19:20:00,133.58999633789062,133.60000610351562,133.5800018310547,133.59500122070312,15757.0,NKE
2021-06-24 19:21:00,133.58999633789062,133.58999633789062,133.55999755859375,133.55999755859375,15684.0,NKE
2021-06-24 19:22:00,133.55999755859375,133.56289672851562,133.5299072265625,133.5299072265625,17636.0,NKE
2021-06-24 19:23:00,133.5500030517578,133.57000732421875,133.5500030517578,133.55999755859375,15976.0,NKE
2021-06-24 19:24:00,133.57000732421875,133.57000732421875,133.5050048828125,133.52999877929688,11457.0,NKE
2021-06-24 19:25:00,133.53680419921875,133.53680419921875,133.47999572753906,133.47999572753906,16579.0,NKE
2021-06-24 19:26:00,133.48590087890625,133.5,133.44000244140625,133.49000549316406,12212.0,NKE
2021-06-24 19:27:00,133.49000549316406,133.5,133.4801025390625,133.4801025390625,17813.0,NKE
2021-06-24 19:28:00,133.49000549316406,133.52000427246094,133.47999572753906,133.49000549316406,19118.0,NKE
2021-06-24 19:29:00,133.49000549316406,133.49000549316406,133.42999267578125,133.49000549316406,21520.0,NKE
2021-06-24 19:30:00,133.47999572753906,133.47999572753906,133.3800048828125,133.39500427246094,15267.0,NKE
2021-06-24 19:31:00,133.38999938964844,133.39999389648438,133.36000061035156,133.36000061035156,18345.0,NKE
2021-06-24 19:32:00,,,,,,NKE
2021-06-24 19:32:01,133.3699951171875,133.3699951171875,133.3699951171875,133.3699951171875,0.0,NKE
